"chapter","file","description","lines","has_main"
"cap01","cap01/01-complexity-benchmark.cpp","Complexity Benchmark","112","yes"
"cap01","cap01/04-cache-locality.cpp","Cache Locality","124","yes"
"cap01","cap01/05-branchless.cpp","Branchless Benchmark","65","yes"
"cap01","cap01/10-archive-seals.cpp","Archive Seals","23","yes"
"cap01","cap01/11-doubling-beacon.cpp","Doubling Beacon","22","yes"
"cap01","cap01/12-bell-greetings.cpp","Bell Greetings","14","yes"
"cap01","cap01/13-watchmaker-runs.cpp","Watchmaker Runs","23","yes"
"cap01","cap01/14-observatory-tiles.cpp","Observatory Tiles","62","yes"
"cap01","cap01/15-narrow-gate.cpp","Narrow Gate","28","yes"
"cap01","cap01/16-two-couriers.cpp","Two Couriers","22","yes"
"cap02","cap02/01-aliases.cpp","Aliases","85","yes"
"cap02","cap02/02-vectors.cpp","Vectors","112","yes"
"cap02","cap02/03-matrices.cpp","Matrices","125","yes"
"cap02","cap02/04-span.cpp","Span","71","yes"
"cap02","cap02/05-loops.cpp","Loops","86","yes"
"cap02","cap02/06-algorithms.cpp","Algorithms","95","yes"
"cap02","cap02/07-namespaces.cpp","Namespaces","123","yes"
"cap02","cap02/08-frequency-analysis.cpp","Frequency Analysis","116","yes"
"cap02","cap02/09-histogram-exercise.cpp","Histogram Exercise","223","yes"
"cap02","cap02/10-prime-vault.cpp","Prime Vault","38","yes"
"cap02","cap02/11-lighthouse-columns.cpp","Lighthouse Columns","28","yes"
"cap02","cap02/12-market-median.cpp","Market Median","35","yes"
"cap02","cap02/13-caravan-ledger.cpp","Caravan Ledger","43","yes"
"cap02","cap02/14-river-ledger.cpp","River Ledger","37","yes"
"cap02","cap02/15-mosaic-rows.cpp","Mosaic Rows","25","yes"
"cap02","cap02/16-third-footstep.cpp","Third Footstep","18","yes"
"cap02","cap02/17-move-emplace.cpp","Move Emplace Benchmark","71","yes"
"cap02","cap02/18-soa-aos.cpp","SoA vs AoS Benchmark","65","yes"
"cap02","cap02/19-ranges-demo.cpp","Ranges Demo","45","yes"
"cap03","cap03/01-sync.cpp","Sync","77","yes"
"cap03","cap03/02-fread-parser.cpp","Fread Parser","95","yes"
"cap03","cap03/03-fstream-expected.cpp","Fstream Expected","97","yes"
"cap03","cap03/04-mmap.cpp","Mmap","78","yes"
"cap03","cap03/05-sequence-statistics.cpp","Sequence Statistics","152","yes"
"cap03","cap03/10-two-scribes.cpp","Two Scribes","33","yes"
"cap03","cap03/11-ledger-edge.cpp","Ledger Edge","63","yes"
"cap03","cap03/12-signal-printer.cpp","Signal Printer","49","yes"
"cap03","cap03/13-weather-archive.cpp","Weather Archive","54","yes"
"cap03","cap03/14-map-room.cpp","Map Room","88","yes"
"cap03","cap03/15-lantern-config.cpp","Lantern Config","38","yes"
"cap03","cap03/16-borrowed-line.cpp","Borrowed Line","67","yes"
"cap03","cap03/17-expected-monadic.cpp","Expected Monadic","49","yes"
"cap04","cap04/01-binary-search.cpp","Binary Search","98","yes"
"cap04","cap04/18-comparator-key.cpp","Comparator Key Benchmark","67","yes"
"cap04","cap04/02-binary-search-answers.cpp","Binary Search Answers","60","yes"
"cap04","cap04/03-sort.cpp","Sort","141","yes"
"cap04","cap04/04-counting-radix.cpp","Counting Radix","87","yes"
"cap04","cap04/05-ranking-exercise.cpp","Ranking Exercise","107","yes"
"cap04","cap04/10-pipeline-sensors.cpp","Pipeline Sensors","32","yes"
"cap04","cap04/11-night-pairing.cpp","Night Pairing","42","yes"
"cap04","cap04/12-patient-guide.cpp","Patient Guide","51","yes"
"cap04","cap04/13-copyist-error.cpp","Copyist Error","34","yes"
"cap04","cap04/14-redundant-watch.cpp","Redundant Watch","38","yes"
"cap04","cap04/15-festival-halls.cpp","Festival Halls","37","yes"
"cap04","cap04/16-ink-stamps.cpp","Ink Stamps","44","yes"
"cap05","cap05/01-prefix-sum.cpp","Prefix Sum","83","yes"
"cap05","cap05/02-difference-array.cpp","Difference Array","78","yes"
"cap05","cap05/03-sliding-window.cpp","Sliding Window","110","yes"
"cap05","cap05/04-sparse-table.cpp","Sparse Table","67","yes"
"cap05","cap05/05-kadane-two-pointers.cpp","Kadane Two Pointers","118","yes"
"cap05","cap05/06-hashing.cpp","Hashing","138","yes"
"cap05","cap05/06-incremental-update.cpp","Incremental Update","125","yes"
"cap05","cap05/07-quickselect-dutch.cpp","Quickselect Dutch","97","yes"
"cap05","cap05/08-mos-algorithm.cpp","Mos Algorithm","71","yes"
"cap05","cap05/10-query-exercise.cpp","Query Exercise","104","yes"
"cap05","cap05/11-pivot-index.cpp","Pivot Index","86","yes"
"cap05","cap05/12-fixed-window-sum.cpp","Fixed Window Sum","77","yes"
"cap05","cap05/13-max-decline.cpp","Max Decline","77","yes"
"cap05","cap05/14-tournament-ledger.cpp","Tournament Ledger","59","yes"
"cap05","cap05/15-reactor-cycles.cpp","Reactor Cycles","34","yes"
"cap05","cap05/16-zero-sum-triplets.cpp","Zero Sum Triplets","65","yes"
"cap05","cap05/17-lantern-ranges.cpp","Lantern Ranges","33","yes"
"cap05","cap05/18-frozen-valley.cpp","Frozen Valley","58","yes"
"cap05","cap05/19-balanced-expedition.cpp","Balanced Expedition","32","yes"
"cap05","cap05/20-signal-signatures.cpp","Signal Signatures","31","yes"
"cap05","cap05/21-bitset-observatories.cpp","Bitset Observatories","72","yes"
"cap05","cap05/22-plagiarist-manuscript.cpp","Plagiarist Manuscript","80","yes"
"cap05","cap05/23-apothecary-shelves.cpp","Apothecary Shelves","50","yes"
"cap05","cap05/24-bit-cast-byteswap.cpp","Bit Cast Byteswap","56","yes"
"cap06","cap06/01-stack-queue.cpp","Stack Queue","144","yes"
"cap06","cap06/02-bst-map.cpp","Bst Map","111","yes"
"cap06","cap06/03-heap.cpp","Heap","108","yes"
"cap06","cap06/04-fenwick.cpp","Fenwick","133","yes"
"cap06","cap06/05-segtree.cpp","Segtree","129","yes"
"cap06","cap06/06-hashtable.cpp","Hashtable","110","yes"
"cap06","cap06/07-dsu.cpp","Dsu","138","yes"
"cap06","cap06/08-event-scheduler.cpp","Event Scheduler","110","yes"
"cap06","cap06/09-island-cables.cpp","Island Cables","68","yes"
"cap06","cap06/10-orbiting-songs.cpp","Orbiting Songs","76","yes"
"cap06","cap06/11-aqueduct-pressure.cpp","Aqueduct Pressure","54","yes"
"cap06","cap06/12-winter-roads.cpp","Winter Roads","105","yes"
"cap06","cap06/13-awakening-valleys.cpp","Awakening Valleys","112","yes"
"cap06","cap06/14-watchtower-maximum.cpp","Watchtower Maximum","89","yes"
"cap06","cap06/15-parking-lanterns.cpp","Parking Lanterns","40","yes"
"cap06","cap06/16-assoc-lookup.cpp","Associative Lookup Benchmark","71","yes"
"cap07","cap07/01-simulation.cpp","Simulation","116","yes"
"cap07","cap07/02-backtracking.cpp","Backtracking","146","yes"
"cap07","cap07/03-sudoku.cpp","Sudoku","128","yes"
"cap07","cap07/04-meet-in-middle.cpp","Meet In Middle","129","yes"
"cap07","cap07/05-nqueens-extended.cpp","Nqueens Extended","97","yes"
"cap07","cap07/06-warehouse-robot.cpp","Warehouse Robot","25","yes"
"cap07","cap07/07-signal-orbit.cpp","Signal Orbit","43","yes"
"cap07","cap07/08-mosaic-paint.cpp","Mosaic Paint","46","yes"
"cap07","cap07/09-echo-subsequence.cpp","Echo Subsequence","32","yes"
"cap07","cap07/10-milk-bells.cpp","Milk Bells","40","yes"
"cap07","cap07/11-clockwork-lock.cpp","Clockwork Lock","21","yes"
"cap07","cap07/12-herd-order.cpp","Herd Order","27","yes"
"cap07","cap07/13-generator-combinations.cpp","Generator Combinations","55","yes"
"cap07","cap07/14-generator-benchmark.cpp","Generator Benchmark","114","yes"
"cap08","cap08/01-memoization-tabulation.cpp","Memoization Tabulation","106","yes"
"cap08","cap08/02-knapsack.cpp","Knapsack","103","yes"
"cap08","cap08/03-lis-lcs.cpp","Lis Lcs","113","yes"
"cap08","cap08/04-matrix-chain.cpp","Matrix Chain","76","yes"
"cap08","cap08/05-coin-change.cpp","Coin Change","113","yes"
"cap08","cap08/06-grid-min-cost.cpp","Grid Min Cost","119","yes"
"cap08","cap08/07-board-game.cpp","Board Game","96","yes"
"cap08","cap08/08-golden-route.cpp","Golden Route","40","yes"
"cap08","cap08/09-masked-duel.cpp","Masked Duel","30","yes"
"cap08","cap08/10-rising-notes.cpp","Rising Notes","27","yes"
"cap08","cap08/11-twin-caravans.cpp","Twin Caravans","78","yes"
"cap08","cap08/12-festival-canopies.cpp","Festival Canopies","47","yes"
"cap08","cap08/13-skyward-boxes.cpp","Skyward Boxes","59","yes"
"cap08","cap08/14-merge-ceremony.cpp","Merge Ceremony","52","yes"
"cap09","cap09/01-graph-traversal.cpp","Graph Traversal","159","yes"
"cap09","cap09/02-shortest-paths.cpp","Shortest Paths","134","yes"
"cap09","cap09/03-mst.cpp","Mst","119","yes"
"cap09","cap09/04-scc-lca.cpp","Scc Lca","155","yes"
"cap09","cap09/05-grid-portals-01-bfs.cpp","Grid Portals 01 Bfs","108","yes"
"cap09","cap09/06-max-flow.cpp","Max Flow","159","yes"
"cap09","cap09/07-rescue-grid.cpp","Rescue Grid","74","yes"
"cap09","cap09/08-painted-provinces.cpp","Painted Provinces","62","yes"
"cap09","cap09/09-night-express.cpp","Night Express","60","yes"
"cap09","cap09/10-clockwork-tasks.cpp","Clockwork Tasks","58","yes"
"cap09","cap09/11-longest-trail.cpp","Longest Trail","63","yes"
"cap09","cap09/12-silent-junctions.cpp","Silent Junctions","39","yes"
"cap09","cap09/13-reachability-ledger.cpp","Reachability Ledger","61","yes"
"cap09","cap09/14-ancestral-observatory.cpp","Ancestral Observatory","138","yes"
"cap09","cap09/15-royal-roads.cpp","Royal Roads","219","yes"
"cap09","cap09/16-csr-vs-adjacency.cpp","CSR vs Adjacency Benchmark","65","yes"
"cap10","cap10/01-primes.cpp","Primes","113","yes"
"cap10","cap10/02-gcd-modular.cpp","Gcd Modular","114","yes"
"cap10","cap10/03-combinatorics-mod.cpp","Combinatorics Mod","89","yes"
"cap10","cap10/04-counting-representations.cpp","Counting Representations","105","yes"
"cap10","cap10/05-square-free.cpp","Square Free","107","yes"
"cap10","cap10/06-prime-archives.cpp","Prime Archives","44","yes"
"cap10","cap10/07-common-rhythm.cpp","Common Rhythm","19","yes"
"cap10","cap10/08-lantern-powers.cpp","Lantern Powers","32","yes"
"cap10","cap10/09-divisor-ledger.cpp","Divisor Ledger","54","yes"
"cap10","cap10/10-quiet-gears.cpp","Quiet Gears","50","yes"
"cap10","cap10/11-inverse-chorus.cpp","Inverse Chorus","51","yes"
"cap10","cap10/12-coprime-handshakes.cpp","Coprime Handshakes","59","yes"
"cap11","cap11/01-counting.cpp","Counting","122","yes"
"cap11","cap11/02-counting-dp.cpp","Counting Dp","72","yes"
"cap11","cap11/03-derangements.cpp","Derangements","77","yes"
"cap11","cap11/04-moon-staircase.cpp","Moon Staircase","20","yes"
"cap11","cap11/05-ordered-crew.cpp","Ordered Crew","18","yes"
"cap11","cap11/06-forbidden-square.cpp","Forbidden Square","65","yes"
"cap11","cap11/07-misplaced-crowns.cpp","Misplaced Crowns","25","yes"
"cap11","cap11/08-banner-arrangements.cpp","Banner Arrangements","54","yes"
"cap11","cap11/09-forbidden-companions.cpp","Forbidden Companions","87","yes"
"cap11","cap11/10-starlight-stalls.cpp","Starlight Stalls","80","yes"
"cap12","cap12/01-kmp-z.cpp","Kmp Z","94","yes"
"cap12","cap12/02-suffix-array.cpp","Suffix Array","83","yes"
"cap12","cap12/03-trie.cpp","Trie","126","yes"
"cap12","cap12/04-anagram-window.cpp","Anagram Window","97","yes"
"cap12","cap12/05-aho-corasick.cpp","Aho Corasick","157","yes"
"cap12","cap12/06-signal-echoes.cpp","Signal Echoes","41","yes"
"cap12","cap12/07-clockwork-refrain.cpp","Clockwork Refrain","28","yes"
"cap12","cap12/08-mirror-ledger.cpp","Mirror Ledger","34","yes"
"cap12","cap12/09-shared-oaths.cpp","Shared Oaths","85","yes"
"cap12","cap12/10-name-registry.cpp","Name Registry","23","yes"
"cap12","cap12/11-prefix-observatory.cpp","Prefix Observatory","52","yes"
"cap12","cap12/12-returning-names.cpp","Returning Names","67","yes"
"cap13","cap13/01-vectors-cross.cpp","Vectors Cross","78","yes"
"cap13","cap13/02-convex-hull.cpp","Convex Hull","98","yes"
"cap13","cap13/03-closest-pair.cpp","Closest Pair","82","yes"
"cap13","cap13/04-festival-shadows.cpp","Festival Shadows","80","yes"
"cap13","cap13/05-overlapping-maps.cpp","Overlapping Maps","25","yes"
"cap13","cap13/06-border-patrol.cpp","Border Patrol","72","yes"
"cap13","cap13/07-secret-courtyards.cpp","Secret Courtyards","25","yes"
"cap13","cap13/08-nearest-lanterns.cpp","Nearest Lanterns","83","yes"
"cap13","cap13/09-surveyors-parchment.cpp","Surveyors Parchment","49","yes"
"cap13","cap13/10-crossing-threads.cpp","Crossing Threads","105","yes"
"cap14","cap14/01-tsp-bitmask.cpp","Tsp Bitmask","116","yes"
"cap14","cap14/02-approximation.cpp","Approximation","151","yes"
"cap14","cap14/03-independent-set.cpp","Independent Set","91","yes"
"cap14","cap14/04-midnight-courier.cpp","Midnight Courier","45","yes"
"cap14","cap14/05-gatekeepers-oath.cpp","Gatekeepers Oath","34","yes"
"cap14","cap14/06-glass-map.cpp","Glass Map","58","yes"
"cap14","cap14/07-expedition-crates.cpp","Expedition Crates","54","yes"
"cap14","cap14/08-festival-partners.cpp","Festival Partners","41","yes"
"cap14","cap14/09-silent-watch.cpp","Silent Watch","44","yes"
"cap14","cap14/10-library-seals.cpp","Library Seals","36","yes"
"cap15","cap15/01-ad-hoc.cpp","Ad Hoc","95","yes"
"cap15","cap15/02-contest-strategy.cpp","Contest Strategy","84","yes"
"cap15","cap15/03-foundry-molds.cpp","Foundry Molds","42","yes"
"cap15","cap15/04-sunstone-power.cpp","Sunstone Power","28","yes"
"cap15","cap15/05-banner-procession.cpp","Banner Procession","26","yes"
"cap15","cap15/06-last-navigator.cpp","Last Navigator","16","yes"
"cap15","cap15/07-lantern-inspections.cpp","Lantern Inspections","29","yes"
"cap15","cap15/08-ring-of-tides.cpp","Ring Of Tides","31","yes"
"cap15","cap15/09-clockwork-register.cpp","Clockwork Register","32","yes"
"cap16","cap16/01-threads.cpp","Threads","77","yes"
"cap16","cap16/02-mutex-sync.cpp","Mutex Sync","97","yes"
"cap16","cap16/03-async-future.cpp","Async Future","77","yes"
"cap16","cap16/04-parallel-algorithms.cpp","Parallel Algorithms","39","yes"
"cap16","cap16/05-coroutines.cpp","Coroutines","84","yes"
"cap16","cap16/06-parallel-prefix.cpp","Parallel Prefix","106","yes"
"cap16","cap16/07-observatory-counter.cpp","Observatory Counter","28","yes"
"cap16","cap16/08-treasury-ledger.cpp","Treasury Ledger","62","yes"
"cap16","cap16/09-workshop-channel.cpp","Workshop Channel","66","yes"
"cap16","cap16/10-archive-blocks.cpp","Archive Blocks","34","yes"
"cap16","cap16/11-stained-glass.cpp","Stained Glass","30","yes"
"cap16","cap16/12-clockwork-stream.cpp","Clockwork Stream","70","yes"
"cap16","cap16/13-weather-census.cpp","Weather Census","54","yes"
"cap16","cap16/14-false-sharing.cpp","False Sharing Benchmark","61","yes"
"cap18","cap18/t01-s1-1-cistern-keeper.cpp","The Cistern Keeper","41","yes"
"cap18","cap18/t01-s2-1-kilnmaster-bill.cpp","The Kilnmaster Bill","39","yes"
"cap18","cap18/t01-s3-1-forge-trials.cpp","The Forge Trials","44","yes"
"cap18","cap18/t01-s3-2-star-atlas.cpp","The Star Atlas","48","yes"
"cap18","cap18/t01-s4-1-hourglass-walk.cpp","The Hourglass Walk","46","yes"
"cap18","cap18/t01-s4-2-two-ferries.cpp","The Two Ferries","52","yes"
"cap18","cap18/t01-s4-3-usurper-coin.cpp","The Usurper Coin","57","yes"
"cap18","cap18/t02-s1-1-orchard-rows.cpp","The Orchard Rows","43","yes"
"cap18","cap18/t02-s2-1-vineyard-terraces.cpp","The Vineyard Terraces","56","yes"
"cap18","cap18/t02-s3-1-apiary-census.cpp","The Apiary Census","53","yes"
"cap18","cap18/t02-s3-2-bakery-shelf.cpp","The Bakery Shelf","46","yes"
"cap18","cap18/t02-s4-1-falconry-roster.cpp","The Falconry Roster","54","yes"
"cap18","cap18/t02-s4-2-salt-lagoon.cpp","The Salt Lagoon","47","yes"
"cap18","cap18/t02-s4-3-ropewalk-ledger.cpp","The Ropewalk Ledger","53","yes"
"cap18","cap18/a1-01-paper-mill.cpp","The Paper Mill Quota","42","yes"
"cap18","cap18/a1-02-wool-market.cpp","The Wool Market","51","yes"
"cap18","cap18/a1-03-quarry-map.cpp","The Quarry Map","63","yes"
"cap18","cap18/t03-s1-1-telegraph-counter.cpp","The Telegraph Counter","66","yes"
"cap18","cap18/t03-s2-1-town-crier.cpp","The Town Crier Breath","54","yes"
"cap18","cap18/t03-s3-1-adding-machine.cpp","The Antique Adding Machine","55","yes"
"cap18","cap18/t03-s3-2-apothecary-doses.cpp","The Apothecary Doses","78","yes"
"cap18","cap18/t03-s4-1-loom-inspector.cpp","The Loom Inspector","69","yes"
"cap18","cap18/t03-s4-2-granary-sheet.cpp","The Granary Intake Sheet","63","yes"
"cap18","cap18/t03-s4-3-glacier-gauge.cpp","The Glacier Gauge","55","yes"
"cap18","cap18/t04-s1-1-mile-stones.cpp","The Mile Stones","56","yes"
"cap18","cap18/t04-s2-1-watchfires.cpp","The Watchfires","69","yes"
"cap18","cap18/t04-s3-1-choir-lofts.cpp","The Choir Lofts","58","yes"
"cap18","cap18/t04-s3-2-toll-board.cpp","The Toll Board","46","yes"
"cap18","cap18/t04-s4-1-regatta-standings.cpp","The Regatta Standings","52","yes"
"cap18","cap18/t04-s4-2-rotated-psalter.cpp","The Rotated Psalter","53","yes"
"cap18","cap18/t04-s4-3-kite-strings.cpp","The Kite Strings","66","yes"
"cap18","cap18/a2-01-pigeon-post.cpp","The Pigeon Post","54","yes"
"cap18","cap18/a2-02-windmill-quota.cpp","The Windmill Quota","64","yes"
"cap18","cap18/a2-03-cooper-stock.cpp","The Cooper Stock","43","yes"
"cap18","cap18/a2-04-chandler-crates.cpp","The Chandler Crates","58","yes"
"cap18","cap18/t05-s1-1-dredging-crews.cpp","The Dredging Crews","56","yes"
"cap18","cap18/t05-s2-1-fermentation-log.cpp","The Fermentation Log","66","yes"
"cap18","cap18/t05-s3-1-tinkers-road.cpp","The Tinkers Road","50","yes"
"cap18","cap18/t05-s3-2-porters-span.cpp","The Porters Span","54","yes"
"cap18","cap18/t05-s4-1-riverbed-survey.cpp","The Riverbed Survey","63","yes"
"cap18","cap18/t05-s4-2-twin-inscriptions.cpp","The Twin Inscriptions","80","yes"
"cap18","cap18/t05-s4-3-seed-bank.cpp","The Seed Bank","89","yes"
"cap18","cap18/t06-s1-1-sawmill-queue.cpp","The Sawmill Queue","57","yes"
"cap18","cap18/t06-s2-1-box-office-row.cpp","The Box Office Row","80","yes"
"cap18","cap18/t06-s3-1-chimney-line.cpp","The Chimney Line","61","yes"
"cap18","cap18/t06-s3-2-rope-bridges.cpp","The Rope Bridges","84","yes"
"cap18","cap18/t06-s4-1-cloakroom-hooks.cpp","The Cloakroom Hooks","61","yes"
"cap18","cap18/t06-s4-2-fountain-mains.cpp","The Fountain Mains","92","yes"
"cap18","cap18/t06-s4-3-rampart-torches.cpp","The Rampart Torches","124","yes"
"cap18","cap18/a3-01-tandem-kayaks.cpp","The Tandem Kayaks","56","yes"
"cap18","cap18/a3-02-fairground-stages.cpp","The Fairground Stages","56","yes"
"cap18","cap18/a3-03-chapel-pews.cpp","The Chapel Pews","53","yes"
"cap18","cap18/a3-04-counting-tape.cpp","The Counting House Tape","77","yes"
"cap18","cap18/a3-05-parade-disorder.cpp","The Parade Disorder","76","yes"
"cap18","cap18/t07-s1-1-hotel-lift.cpp","The Hotel Lift","53","yes"
"cap18","cap18/t07-s2-1-smouldering-meadow.cpp","The Smouldering Meadow","92","yes"
"cap18","cap18/t07-s3-1-tasting-menu.cpp","The Tasting Menu","64","yes"
"cap18","cap18/t07-s3-2-spice-scale.cpp","The Spice Scale","73","yes"
"cap18","cap18/t07-s4-1-sprinkler-garden.cpp","The Sprinkler Garden","76","yes"
"cap18","cap18/t07-s4-2-milk-churns.cpp","The Milk Churns","88","yes"
"cap18","cap18/t07-s4-3-ballast-stones.cpp","The Ballast Stones","80","yes"
"cap18","cap18/t08-s1-1-stepping-stones.cpp","The Stepping Stones","59","yes"
"cap18","cap18/t08-s2-1-peddlers-pack.cpp","The Peddler's Pack","59","yes"
"cap18","cap18/t08-s3-1-tram-fare.cpp","The Tram Fare","70","yes"
"cap18","cap18/t08-s3-2-pearl-strand.cpp","The Pearl Strand","65","yes"
"cap18","cap18/t08-s4-1-notarys-copies.cpp","The Notary's Copies","69","yes"
"cap18","cap18/t08-s4-2-arcade-tokens.cpp","The Arcade Tokens","66","yes"
"cap18","cap18/t08-s4-3-charcoal-heaps.cpp","The Charcoal Heaps","78","yes"
"cap18","cap18/a4-01-parlor-word-chain.cpp","The Parlor Word Chain","94","yes"
"cap18","cap18/a4-02-cloister-tiles.cpp","The Cloister Tiles","69","yes"
"cap18","cap18/a4-03-bindery-shifts.cpp","The Bindery Shifts","84","yes"
"cap18","cap18/a4-04-cellar-log.cpp","The Cellar Log","75","yes"
"cap18","cap18/a4-05-auction-paddles.cpp","The Auction Paddles","111","yes"
"cap18","cap18/a4-06-mine-galleries.cpp","The Mine Galleries","104","yes"
"cap18","cap18/t09-s1-1-postmans-districts.cpp","The Postman's Districts","76","yes"
"cap18","cap18/t09-s2-1-stagecoach-lines.cpp","The Stagecoach Lines","86","yes"
"cap18","cap18/t09-s3-1-banquet-prep.cpp","The Banquet Prep","83","yes"
"cap18","cap18/t09-s3-2-wedding-tables.cpp","The Wedding Tables","86","yes"
"cap18","cap18/t09-s4-1-lamplighters-route.cpp","The Lamplighter's Route","92","yes"
"cap18","cap18/t09-s4-2-gossip-circuit.cpp","The Gossip Circuit","104","yes"
"cap18","cap18/t09-s4-3-ranger-outposts.cpp","The Ranger Outposts","134","yes"
"cap18","cap18/t10-s1-1-drapers-bolts.cpp","The Drapers' Bolts","55","yes"
"cap18","cap18/t10-s2-1-numerologists-street.cpp","The Numerologist's Street","69","yes"
"cap18","cap18/t10-s3-1-yeast-vats.cpp","The Yeast Vats","65","yes"
"cap18","cap18/t10-s3-2-schoolmasters-blocks.cpp","The Schoolmaster's Blocks","70","yes"
"cap18","cap18/t10-s4-1-customs-serials.cpp","The Customs Serials","82","yes"
"cap18","cap18/t10-s4-2-junction-timetable.cpp","The Junction Timetable","86","yes"
"cap18","cap18/t10-s4-3-garrison-drafts.cpp","The Garrison Drafts","91","yes"
"cap18","cap18/a5-01-crown-subsidies.cpp","The Crown Subsidies","121","yes"
"cap18","cap18/a5-02-olive-jars.cpp","The Olive Jars","100","yes"
"cap18","cap18/a5-03-quarrelsome-jury.cpp","The Quarrelsome Jury","102","yes"
"cap18","cap18/a5-04-harbor-witnesses.cpp","The Harbor Witnesses","80","yes"
"cap18","cap18/a5-05-amphitheater-rows.cpp","The Amphitheater Rows","74","yes"
"cap18","cap18/a5-06-pursers-split.cpp","The Purser's Split","68","yes"
"cap18","cap18/a5-07-alchemists-shelf.cpp","The Alchemist's Shelf","146","yes"
"cap18","cap18/t11-s1-1-almoners-loaves.cpp","The Almoner's Loaves","71","yes"
"cap18","cap18/t11-s2-1-portrait-gallery.cpp","The Portrait Gallery","79","yes"
"cap18","cap18/t11-s3-1-switchyard-wagons.cpp","The Switchyard Wagons","73","yes"
"cap18","cap18/t11-s3-2-chancery-seals.cpp","The Chancery Seals","58","yes"
"cap18","cap18/t11-s4-1-parquet-workshop.cpp","The Parquet Workshop","49","yes"
"cap18","cap18/t11-s4-2-night-patrols.cpp","The Night Patrols","59","yes"
"cap18","cap18/t11-s4-3-scriptorium-inkpots.cpp","The Scriptorium Inkpots","102","yes"
"cap18","cap18/t12-s1-1-lighthouse-logbook.cpp","The Lighthouse Logbook","72","yes"
"cap18","cap18/t12-s2-1-carillon-phrase.cpp","The Carillon Phrase","54","yes"
"cap18","cap18/t12-s3-1-typesetters-tray.cpp","The Typesetter's Tray","62","yes"
"cap18","cap18/t12-s3-2-innkeepers-guestbook.cpp","The Innkeeper's Guestbook","96","yes"
"cap18","cap18/t12-s4-1-beacon-codes.cpp","The Beacon Codes","90","yes"
"cap18","cap18/t12-s4-2-engravers-band.cpp","The Engraver's Band","104","yes"
"cap18","cap18/t12-s4-3-censors-list.cpp","The Censor's List","144","yes"
"cap18","cap18/a6-01-festival-favors.cpp","The Festival Favors","75","yes"
"cap18","cap18/a6-02-mapmakers-title.cpp","The Mapmaker's Title","61","yes"
"cap18","cap18/a6-03-flooded-crossings.cpp","The Flooded Crossings","112","yes"
"cap18","cap18/a6-04-caravan-passes.cpp","The Caravan Passes","76","yes"
"cap18","cap18/a6-05-astronomers-cycle.cpp","The Astronomer's Cycle","72","yes"
"cap18","cap18/a6-06-muleteers-packs.cpp","The Muleteer's Packs","83","yes"
"cap18","cap18/a6-07-fishmongers-week.cpp","The Fishmonger's Week","58","yes"
"cap18","cap18/a6-08-seismograph-roll.cpp","The Seismograph Roll","78","yes"
"cap18","cap18/t13-s1-1-tithe-field.cpp","The Tithe Field","67","yes"
"cap18","cap18/t13-s2-1-sheepfold-stakes.cpp","The Sheepfold Stakes","91","yes"
"cap18","cap18/t13-s3-1-drainage-ditches.cpp","The Drainage Ditches","83","yes"
"cap18","cap18/t13-s3-2-tiltyard-fence.cpp","The Tiltyard Fence","90","yes"
"cap18","cap18/t13-s4-1-scouts-reckoning.cpp","The Scouts' Reckoning","94","yes"
"cap18","cap18/t13-s4-2-well-diggers.cpp","The Well Diggers","114","yes"
"cap18","cap18/t13-s4-3-canal-grid.cpp","The Canal Grid","130","yes"
"cap18","cap18/t14-s1-1-ironmongers-bundles.cpp","The Ironmonger's Bundles","72","yes"
"cap18","cap18/t14-s2-1-grinders-circuit.cpp","The Grinder's Circuit","73","yes"
"cap18","cap18/t14-s3-1-atlas-inks.cpp","The Atlas Inks","107","yes"
"cap18","cap18/t14-s3-2-anvil-roster.cpp","The Anvil Roster","96","yes"
"cap18","cap18/t14-s4-1-quiet-council.cpp","The Quiet Council","127","yes"
"cap18","cap18/t14-s4-2-pressroom-belts.cpp","The Pressroom Belts","106","yes"
"cap18","cap18/t14-s4-3-studio-switchboard.cpp","The Studio Switchboard","133","yes"
"cap18","cap18/a7-01-survey-ribbons.cpp","The Survey Ribbons","83","yes"
"cap18","cap18/a7-02-patent-drawers.cpp","The Patent Drawers","63","yes"
"cap18","cap18/a7-03-tram-repair-list.cpp","The Tram Repair List","120","yes"
"cap18","cap18/a7-04-paper-guillotine.cpp","The Paper Guillotine","70","yes"
"cap18","cap18/a7-05-glasshouse-aisle.cpp","The Glasshouse Aisle","52","yes"
"cap18","cap18/a7-06-parcel-windows.cpp","The Parcel Windows","50","yes"
"cap18","cap18/a7-07-token-counter.cpp","The Token Counter","49","yes"
"cap18","cap18/a7-08-permit-numbers.cpp","The Permit Numbers","71","yes"
"cap18","cap18/a7-09-proofreaders-needle.cpp","The Proofreader's Needle","69","yes"
"cap18","cap18/t15-s1-1-marzipan-tower.cpp","The Marzipan Tower","46","yes"
"cap18","cap18/t15-s2-1-billboard-plates.cpp","The Billboard Plates","64","yes"
"cap18","cap18/t15-s3-1-assembly-ring.cpp","The Assembly Ring","40","yes"
"cap18","cap18/t15-s3-2-carousel-accounts.cpp","The Carousel Accounts","62","yes"
"cap18","cap18/t15-s4-1-awning-pins.cpp","The Awning Pins","55","yes"
"cap18","cap18/t15-s4-2-candle-exponent.cpp","The Candle Exponent","53","yes"
"cap18","cap18/t15-s4-3-counting-stamp.cpp","The Counting Stamp","61","yes"
"cap18","cap18/t16-s1-1-turnstile-clicks.cpp","The Turnstile Clicks","57","yes"
"cap18","cap18/t16-s2-1-vault-transfers.cpp","The Vault Transfers","86","yes"
"cap18","cap18/t16-s3-1-archive-totals.cpp","The Archive Totals","54","yes"
"cap18","cap18/t16-s3-2-workshop-queue.cpp","The Workshop Queue","82","yes"
"cap18","cap18/t16-s4-1-registry-search.cpp","The Registry Search","70","yes"
"cap18","cap18/t16-s4-2-ledger-prefix.cpp","The Ledger Prefix","74","yes"
"cap18","cap18/t16-s4-3-sequence-metronome.cpp","The Sequence Metronome","84","yes"
"cap18","cap18/a8-01-council-rotation.cpp","The Council Rotation","31","yes"
"cap18","cap18/a8-02-counter-hall.cpp","The Counter Hall","51","yes"
"cap18","cap18/a8-03-proofing-shards.cpp","The Proofing Shards","61","yes"
"cap18","cap18/a8-04-packet-batches.cpp","The Packet Batches","58","yes"
"cap18","cap18/a8-05-turntable-tickets.cpp","The Turntable Tickets","58","yes"
"cap18","cap18/a8-06-editors-distance.cpp","The Editor's Distance","41","yes"
"cap18","cap18/a8-07-switch-corridor.cpp","The Switch Corridor","55","yes"
"cap18","cap18/a8-08-inverse-ledger.cpp","The Inverse Ledger","38","yes"
"cap18","cap18/a8-09-stone-outline.cpp","The Stone Outline","42","yes"
"cap18","cap18/a8-10-relic-tour.cpp","The Relic Tour","52","yes"
"serie-blog/competitiva-01","serie-blog/competitiva-01/01-corrente.cpp","Percurso em profundidade de uma corrente: recursão contra pilha explícita.","61","yes"
"serie-blog/competitiva-01","serie-blog/competitiva-01/02-medir.cpp","Protocolo de medição: aquecimento, repetições, mediana, mínimo e validação.","53","yes"
"serie-blog/competitiva-01","serie-blog/competitiva-01/03-fragmentos.cpp","Fragmentos do Artigo 1 reunidos em um programa de teste.","62","yes"
"serie-blog/competitiva-02","serie-blog/competitiva-02/01-tipos.cpp","Tipos, faixas e conversões: os números da Seção 1 do Artigo 2.","42","yes"
"serie-blog/competitiva-02","serie-blog/competitiva-02/02-matriz-cache.cpp","Multiplicação de matrizes em três ordens de laço: mesma conta, memória diferente.","84","yes"
"serie-blog/competitiva-02","serie-blog/competitiva-02/03-linhas-colunas.cpp","Percorrer a mesma matriz por linhas e por colunas, para vários tamanhos.","37","yes"
"serie-blog/competitiva-02","serie-blog/competitiva-02/04-desvios.cpp","Previsão de desvios: o mesmo laço sobre dados embaralhados e ordenados.","63","yes"
"serie-blog/competitiva-02","serie-blog/competitiva-02/05-dicas.cpp","Dicas ao compilador: [[unlikely]], std::unreachable e [[assume]].","73","yes"
"serie-blog/competitiva-02","serie-blog/competitiva-02/06-portao-estreito.cpp","Exercício: o portão estreito. Conta os valores que cabem em int e soma todos.","20","yes"
"serie-blog/competitiva-02","serie-blog/competitiva-02/07-formatacao.cpp","std::print, std::println e std::format.","27","yes"
"serie-blog/competitiva-03","serie-blog/competitiva-03/01-cisterna.cpp","T01.1, a guardiã da cisterna: primeiro dia em que a soma acumulada passa de C.","19","yes"
"serie-blog/competitiva-03","serie-blog/competitiva-03/02-fornos.cpp","T01.2, a conta do mestre dos fornos: soma de a até b por uma fórmula fechada.","16","yes"
"serie-blog/competitiva-03","serie-blog/competitiva-03/03-forja.cpp","T01.3, as provas da forja: conta as medições até 10% acima da mais rápida.","22","yes"
"serie-blog/competitiva-03","serie-blog/competitiva-03/04-atlas.cpp","T01.4, o atlas estelar: memória de uma grade com 8 bytes por célula, em MiB.","20","yes"
"serie-blog/competitiva-03","serie-blog/competitiva-03/05-ampulheta.cpp","T01.5, a ampulheta de manivela: se par, cai a metade; se ímpar, cai um grão.","21","yes"
"serie-blog/competitiva-03","serie-blog/competitiva-03/06-balsas.cpp","T01.6, as duas balsas: intercala duas listas crescentes em uma só.","28","yes"
"serie-blog/competitiva-03","serie-blog/competitiva-03/07-moeda.cpp","T01.7, a moeda do usurpador: elemento majoritário por cancelamento de pares.","28","yes"
"serie-blog/competitiva-04","serie-blog/competitiva-04/01-literais.cpp","A forma dos números: bases, sufixos, tipos deduzidos e literais reais.","48","yes"
"serie-blog/competitiva-04","serie-blog/competitiva-04/02-constexpr.cpp","Constantes, funções constexpr, tabelas em tempo de compilação e if consteval.","60","yes"
"serie-blog/competitiva-04","serie-blog/competitiva-04/03-cofre.cpp","O cofre dos primos: tabela de primalidade construída em tempo de compilação.","28","yes"
"serie-blog/competitiva-04","serie-blog/competitiva-04/04-generico.cpp","Templates, conceitos, referências de encaminhamento e o this explícito.","67","yes"
"serie-blog/competitiva-04","serie-blog/competitiva-04/05-lambdas.cpp","Comparadores, ordenação estrita fraca e capturas.","25","yes"
"serie-blog/competitiva-04","serie-blog/competitiva-04/06-copias.cpp","O custo de copiar em um laço: auto, const auto& e a mesma soma.","31","yes"
"serie-blog/competitiva-04","serie-blog/competitiva-04/07-namespaces.cpp","Um componente reutilizável em seu próprio namespace e apelidos de namespace.","29","yes"
"serie-blog/competitiva-05","serie-blog/competitiva-05/01-vetores.cpp","Tamanho, capacidade, realocações e reserve no std::vector.","85","yes"
"serie-blog/competitiva-05","serie-blog/competitiva-05/02-movimento.cpp","Copiar, mover ou construir no lugar: o custo mora no tipo do elemento.","73","yes"
"serie-blog/competitiva-05","serie-blog/competitiva-05/03-matrizes.cpp","Três representações de uma matriz e as somas de prefixos em duas dimensões.","99","yes"
"serie-blog/competitiva-05","serie-blog/competitiva-05/04-aos-soa.cpp","Vetor de registros contra registro de vetores.","54","yes"
"serie-blog/competitiva-05","serie-blog/competitiva-05/05-span.cpp","std::span: uma vista sem posse sobre memória contígua.","40","yes"
"serie-blog/competitiva-05","serie-blog/competitiva-05/06-ranges.cpp","Vistas preguiçosas, algoritmos de ranges e projeções.","75","yes"
"serie-blog/competitiva-05","serie-blog/competitiva-05/07-frequencia.cpp","Análise de frequências com valores limitados a [1, 10^6]: contagem direta.","29","yes"
"serie-blog/competitiva-05","serie-blog/competitiva-05/08-frequencia-medida.cpp","Quatro soluções da análise de frequências, medidas no fluxo completo:","97","yes"
"serie-blog/competitiva-05","serie-blog/competitiva-05/09-farol.cpp","A janela do farol: a coluna de maior soma, com desempate pelo menor índice.","22","yes"
"serie-blog/competitiva-05","serie-blog/competitiva-05/10-mercado.cpp","O mercado dos ecos desiguais: mediana inferior das frequências com nth_element.","26","yes"
"serie-blog/competitiva-05","serie-blog/competitiva-05/11-caravana.cpp","O livro das caravanas: agregados, vinculações estruturadas e desempate por nome.","36","yes"
"serie-blog/competitiva-05","serie-blog/competitiva-05/12-rio.cpp","O livro do rio: maior soma de trecho contíguo dentro de [l, r], sobre um std::span.","28","yes"
"serie-blog/competitiva-05","serie-blog/competitiva-05/13-mosaico.cpp","O livro do mosaico: matriz guardada em um único vetor, em ordem de linhas.","19","yes"
"serie-blog/competitiva-05","serie-blog/competitiva-05/14-passos.cpp","A cada três passos: laço com passo 3 e a forma com enumerate | stride.","21","yes"
"serie-blog/competitiva-05","serie-blog/competitiva-05/15-paralelo.cpp","Políticas de execução: trabalho leve limitado pela memória contra trabalho pesado por elemento.","54","yes"
"serie-blog/competitiva-06","serie-blog/competitiva-06/01-pomar.cpp","T02.1, as fileiras do pomar: somas de intervalo por prefixos.","22","yes"
"serie-blog/competitiva-06","serie-blog/competitiva-06/02-vinhedo.cpp","T02.2, os terraços do vinhedo: somas de retângulos por prefixos em duas dimensões.","24","yes"
"serie-blog/competitiva-06","serie-blog/competitiva-06/03-apiario.cpp","T02.3, o censo do apiário: contagem com tabela de dispersão e desempate pelo menor número.","25","yes"
"serie-blog/competitiva-06","serie-blog/competitiva-06/04-padaria.cpp","T02.4, a prateleira da padaria: maior soma de k pães consecutivos.","21","yes"
"serie-blog/competitiva-06","serie-blog/competitiva-06/05-falcoaria.cpp","T02.5, o plantel da falcoaria: ordenação por chave composta com projeção.","29","yes"
"serie-blog/competitiva-06","serie-blog/competitiva-06/06-salina.cpp","T02.6, a lagoa de sal: totais por antidiagonal, sem guardar a grade.","22","yes"
"serie-blog/competitiva-06","serie-blog/competitiva-06/07-cordoaria.cpp","T02.7, o livro da cordoaria: trechos de soma zero como pares de prefixos iguais.","24","yes"
"serie-blog/competitiva-06","serie-blog/competitiva-06/08-papel.cpp","A1.1, a cota da fábrica de papel: dividir antes de multiplicar.","18","yes"
"serie-blog/competitiva-06","serie-blog/competitiva-06/09-la.cpp","A1.2, o mercado de lã: ordenar uma vez e responder cada limite com upper_bound.","21","yes"
"serie-blog/competitiva-06","serie-blog/competitiva-06/10-pedreira.cpp","A1.3, o mapa da pedreira: melhor bloco k x k por prefixos em duas dimensões.","31","yes"
"serie-blog/competitiva-07","serie-blog/competitiva-07/01-estatisticas.cpp","Estatísticas de uma sequência lida com fread e um leitor de inteiros próprio.","53","yes"
"serie-blog/competitiva-07","serie-blog/competitiva-07/02-medir-leitura.cpp","Cinco formas de ler os mesmos inteiros da entrada padrão, medidas em processos separados.","167","yes"
"serie-blog/competitiva-07","serie-blog/competitiva-07/03-medir-escrita.cpp","Seis formas de escrever os inteiros de 1 a n, uma por linha, medidas em processos separados.","110","yes"
"serie-blog/competitiva-07","serie-blog/competitiva-07/04-livro-limite.cpp","O livro no limite: leitura de valores entre LLONG_MIN e LLONG_MAX sem transbordar.","49","yes"
"serie-blog/competitiva-07","serie-blog/competitiva-07/05-arquivo-meteorologico.cpp","O arquivo meteorológico: std::expected carrega as estatísticas ou o motivo da recusa.","64","yes"
"serie-blog/competitiva-07","serie-blog/competitiva-07/06-configuracao-farol.cpp","A configuração do faroleiro: std::expected distingue quatro falhas, std::optional não.","58","yes"
"serie-blog/competitiva-07","serie-blog/competitiva-07/07-linha-emprestada.cpp","A linha emprestada: std::string_view para percorrer, std::string para guardar.","49","yes"
"serie-blog/competitiva-07","serie-blog/competitiva-07/08-sala-dos-mapas.cpp","A sala dos mapas: soma dos bytes de um arquivo lido com fread, com ifstream e mapeado na memória.","129","yes"
"serie-blog/competitiva-07","serie-blog/competitiva-07/09-expected-monadico.cpp","Operações monádicas de std::expected: and_then, transform, or_else e transform_error.","67","yes"
"serie-blog/competitiva-08","serie-blog/competitiva-08/01-telegrafo.cpp","T03.1, o contador do telégrafo: quantos pulsos são estritamente mais fortes que o anterior.","16","yes"
"serie-blog/competitiva-08","serie-blog/competitiva-08/02-arauto.cpp","T03.2, o fôlego do arauto: contar palavras e achar a primeira mais longa sem copiar texto.","26","yes"
"serie-blog/competitiva-08","serie-blog/competitiva-08/03-somadora.cpp","T03.3, a máquina de somar antiga: sinal opcional e zeros à esquerda.","32","yes"
"serie-blog/competitiva-08","serie-blog/competitiva-08/04-boticario.cpp","T03.4, as doses do boticário: a gramática a/b validada em ordem, com std::expected.","47","yes"
"serie-blog/competitiva-08","serie-blog/competitiva-08/05-tear.cpp","T03.5, o inspetor do tear: a maior sequência de listras consecutivas de mesma cor, em uma passada.","17","yes"
"serie-blog/competitiva-08","serie-blog/competitiva-08/06-celeiro.cpp","T03.6, a folha de entrada do celeiro: validação em ordem, com a primeira falha como resposta.","29","yes"
"serie-blog/competitiva-08","serie-blog/competitiva-08/07-geleira.cpp","T03.7, o medidor da geleira: divisão euclidiana do total, com resto em [0, n).","14","yes"
"serie-blog/competitiva-08","serie-blog/competitiva-08/08-sinal-de-mais.cpp","Como std::from_chars trata os sinais: '-' é aceito, '+' não, e zeros à esquerda são aceitos.","13","yes"
"serie-blog/competitiva-09","serie-blog/competitiva-09/01-busca-binaria.cpp","Busca binária com intervalo semiaberto, as versões da biblioteca e as buscas lineares do C++23.","70","yes"
"serie-blog/competitiva-09","serie-blog/competitiva-09/02-medir-busca.cpp","Custo de uma busca: linear contra binária, e o efeito do tamanho do arranjo sobre a busca binária.","83","yes"
"serie-blog/competitiva-09","serie-blog/competitiva-09/03-sensores.cpp","Exercício 4.1, os sensores adormecidos: contagem em intervalos fechados com lower_bound e upper_bound.","22","yes"
"serie-blog/competitiva-09","serie-blog/competitiva-09/04-trabalhadores.cpp","Dividir tarefas consecutivas entre k trabalhadores, minimizando a maior carga: busca na resposta.","36","yes"
"serie-blog/competitiva-09","serie-blog/competitiva-09/05-lampadas.cpp","Instalar k lâmpadas em n postes, maximizando a menor distância entre lâmpadas: o último verdadeiro.","35","yes"
"serie-blog/competitiva-09","serie-blog/competitiva-09/06-laco-eterno.cpp","Por que a busca do último verdadeiro precisa arredondar o meio para cima.","25","yes"
"serie-blog/competitiva-10","serie-blog/competitiva-10/01-limite-inferior.cpp","O limite inferior da ordenação por comparação e as comparações que o","61","yes"
"serie-blog/competitiva-10","serie-blog/competitiva-10/02-bolha.cpp","O custo de O(n^2) com o bubble sort, comparado com o std::ranges::sort.","32","yes"
"serie-blog/competitiva-10","serie-blog/competitiva-10/03-registros.cpp","Ordenar registros grandes contra ordenar índices: o número de comparações é o mesmo,","99","yes"
"serie-blog/competitiva-10","serie-blog/competitiva-10/04-chave-composta.cpp","Ordem composta, pontos decrescentes e id crescente, escrita de quatro formas.","74","yes"
"serie-blog/competitiva-10","serie-blog/competitiva-10/05-estavel.cpp","Estabilidade: o que o std::ranges::sort promete, o que o stable_sort promete","62","yes"
"serie-blog/competitiva-10","serie-blog/competitiva-10/06-selecao.cpp","Seleção: ordenar tudo, nth_element e partial_sort para a mediana e para os k menores.","48","yes"
"serie-blog/competitiva-10","serie-blog/competitiva-10/07-pareamento.cpp","Exercício 4.2, o pareamento noturno: ordenar os grupos e parear os extremos.","30","yes"
"serie-blog/competitiva-10","serie-blog/competitiva-10/08-copista.cpp","Exercício 4.4, o erro do copista: a repetição fica vizinha depois de ordenar.","22","yes"
"serie-blog/competitiva-10","serie-blog/competitiva-10/09-vigia-redundante.cpp","Exercício 4.5, a vigia redundante: início crescente, fim decrescente nos empates.","26","yes"
"serie-blog/competitiva-10","serie-blog/competitiva-10/10-salas.cpp","Exercício 4.6, as salas do festival: cada show na menor sala livre que o comporta.","25","yes"
"serie-blog/competitiva-11","serie-blog/competitiva-11/01-contagem.cpp","Counting sort simples e estável contra std::ranges::sort, variando o universo k das chaves.","53","yes"
"serie-blog/competitiva-11","serie-blog/competitiva-11/02-radix.cpp","Radix sort LSD com dígitos de 8, 11 e 16 bits contra std::ranges::sort, para inteiros de 32 bits.","89","yes"
"serie-blog/competitiva-11","serie-blog/competitiva-11/03-passadas.cpp","Rastreamentos pequenos: contagem estável, radix LSD em base 10, a passada instável e as chaves com sinal.","111","yes"
"serie-blog/competitiva-11","serie-blog/competitiva-11/04-ranking.cpp","Exercício resolvido do ranking: busca na resposta, ordenação dos nomes e upper_bound nas pontuações.","61","yes"
"serie-blog/competitiva-11","serie-blog/competitiva-11/05-ranking-contagem.cpp","O mesmo ranking com uma tabela de contagem das pontuações: O(n + S), sem busca e sem ordenar as pontuações.","41","yes"
"serie-blog/competitiva-11","serie-blog/competitiva-11/06-copista-contagem.cpp","O erro do copista em O(n): uma tabela de contagem no lugar da ordenação.","23","yes"
"serie-blog/competitiva-11","serie-blog/competitiva-11/07-guia-paciente.cpp","Exercício 4.3, o guia paciente: só os recordes da direita para a esquerda recebem tempo de descanso.","39","yes"
"serie-blog/competitiva-11","serie-blog/competitiva-11/08-carimbos.cpp","Exercício 4.7, os carimbos de tinta: cada faixa preta máxima precisa de ceil(l / w) carimbos.","28","yes"
"serie-blog/competitiva-12","serie-blog/competitiva-12/01-marcos.cpp","T04.1, os marcos da estrada: lower_bound e os seus dois vizinhos.","26","yes"
"serie-blog/competitiva-12","serie-blog/competitiva-12/02-fogueiras.cpp","T04.2, as fogueiras de vigia: busca na resposta, forma de maximização, com teste guloso.","35","yes"
"serie-blog/competitiva-12","serie-blog/competitiva-12/03-coro.cpp","T04.3, as galerias do coro: contagem em um domínio de 201 alturas.","26","yes"
"serie-blog/competitiva-12","serie-blog/competitiva-12/04-pedagios.cpp","T04.4, o quadro de pedágios: a k-ésima menor tarifa com nth_element, sem ordenar o resto.","16","yes"
"serie-blog/competitiva-12","serie-blog/competitiva-12/05-regata.cpp","T04.5, a classificação da regata: stable_sort por pontos decrescentes preserva o quadro anterior.","27","yes"
"serie-blog/competitiva-12","serie-blog/competitiva-12/06-salterio.cpp","T04.6, o saltério girado: busca binária pelo primeiro salmo que não passa do último.","21","yes"
"serie-blog/competitiva-12","serie-blog/competitiva-12/07-pipas.cpp","T04.7, as linhas das pipas: a k-ésima menor distância entre pares, por busca na resposta e contagem.","33","yes"
"serie-blog/competitiva-12","serie-blog/competitiva-12/08-pombos.cpp","A2.1, o correio de pombos: filtrar e acumular em uma passada, sem guardar o arquivo.","23","yes"
"serie-blog/competitiva-12","serie-blog/competitiva-12/09-moinho.cpp","A2.2, a cota do moinho: busca na resposta, forma de minimização, com teto sem transbordamento.","31","yes"
"serie-blog/competitiva-12","serie-blog/competitiva-12/10-tanoeiro.cpp","A2.3, o estoque do tanoeiro: o recurso mais escasso, medido em barris, decide.","12","yes"
"serie-blog/competitiva-12","serie-blog/competitiva-12/11-cerieiro.cpp","A2.4, os caixotes do cerieiro: ordenar, prefixos e upper_bound por orçamento.","27","yes"
"serie-blog/competitiva-13","serie-blog/competitiva-13/01-prefixos-medida.cpp","Construção dos prefixos e custo das consultas: quatro laços de construção e o efeito do cache nas consultas.","96","yes"
"serie-blog/competitiva-13","serie-blog/competitiva-13/02-diferencas-medida.cpp","Atualizações de intervalo: aplicar diretamente contra marcar as fronteiras em um array de diferenças.","38","yes"
"serie-blog/competitiva-13","serie-blog/competitiva-13/03-identidade.cpp","Prefixos e diferenças são operações inversas: rastreamentos pequenos em uma e em duas dimensões.","60","yes"
"serie-blog/competitiva-13","serie-blog/competitiva-13/04-livro-do-torneio.cpp","Exercício 5.1, o livro do torneio: prefixos de contagem para três categorias.","30","yes"
"serie-blog/competitiva-13","serie-blog/competitiva-13/05-rua-das-lanternas.cpp","Exercício 5.4, a rua das lanternas: cada operação marca duas fronteiras, e um prefixo reconstrói o brilho.","28","yes"
"serie-blog/competitiva-13","serie-blog/competitiva-13/06-indice-pivo.cpp","Índice pivô: a menor posição em que a soma à esquerda é igual à soma à direita.","21","yes"
"serie-blog/competitiva-13","serie-blog/competitiva-13/07-sensores-de-umidade.cpp","Atualização incremental: a soma das leituras pares depois de cada ajuste, sem reler o vetor.","31","yes"
"serie-blog/competitiva-13","serie-blog/competitiva-13/08-estufa.cpp","A estufa de mudas: diferenças em duas dimensões, quatro marcas por retângulo e prefixos nas duas direções.","38","yes"
"serie-blog/competitiva-14","serie-blog/competitiva-14/01-janela-minima-medida.cpp","Mínimo de cada janela de tamanho k: varredura ingênua, std::deque e um deque de índices sobre um vetor.","67","yes"
"serie-blog/competitiva-14","serie-blog/competitiva-14/02-kadane-medida.cpp","Kadane com o índice de início, que exige um desvio, e Kadane só com a soma, escrito com std::max.","50","yes"
"serie-blog/competitiva-14","serie-blog/competitiva-14/03-tabela-esparsa-medida.cpp","Mínimo de intervalo: varredura direta contra a tabela esparsa, construção e consultas.","76","yes"
"serie-blog/competitiva-14","serie-blog/competitiva-14/04-janela-fixa.cpp","Janela de tamanho fixo: a primeira posição em que k elementos consecutivos somam o alvo.","25","yes"
"serie-blog/competitiva-14","serie-blog/competitiva-14/05-reator.cpp","Exercício 5.2, os ciclos do reator: menor e maior soma entre as janelas de tamanho w.","24","yes"
"serie-blog/competitiva-14","serie-blog/competitiva-14/06-minimo-da-janela.cpp","O termômetro da trilha: o mínimo de cada janela de k leituras, com um deque de índices sobre um vetor.","26","yes"
"serie-blog/competitiva-14","serie-blog/competitiva-14/07-expedicao.cpp","Exercício 5.6, a expedição equilibrada: dois ponteiros sobre as habilidades ordenadas.","22","yes"
"serie-blog/competitiva-14","serie-blog/competitiva-14/08-tres-runas.cpp","Exercício 5.3, as três runas: trios de posições com soma zero, por ordenação e dois ponteiros.","37","yes"
"serie-blog/competitiva-14","serie-blog/competitiva-14/09-maior-queda.cpp","A maior queda: o maior p[i] - p[j] com i < j, mantendo o maior preço visto antes de j.","20","yes"
"serie-blog/competitiva-14","serie-blog/competitiva-14/10-vale-congelado.cpp","Exercício 5.5, o vale congelado: mínimo de intervalo com tabela esparsa em um vetor plano.","34","yes"
"serie-blog/competitiva-14","serie-blog/competitiva-14/11-soma-e-minimo.cpp","Soma e mínimo de intervalo: prefixos para a soma e tabela esparsa para o mínimo.","34","yes"
"serie-blog/competitiva-14","serie-blog/competitiva-14/12-melhor-trecho.cpp","O livro-caixa da feira: o trecho de maior soma, por Kadane, com o fim mais cedo e, nele, o início mais cedo.","21","yes"
